"","Ne","rwide","nloci","locisigma","pleiorate","delmu","pleiocov","delchr"
"1",4647.18344975496,1.2832279481634e-05,420.23683948064,3.83534429889987,0.673792835528729,0.130102734954562,-0.18985329271527,1.80516150983749
"2",9647.50173362205,8.04774786677706e-05,475.020775187295,3.32449047273258,0.406967206712579,0.606026195979211,0.120397679129383,7.01237703877268
"3",528.703121229773,9.76399354547e-05,346.141381259367,6.88573425962531,0.767093367525376,0.360299486055737,-0.252364666142967,0.412201089493465
"4",2500.37071479426,3.75479247971321e-05,123.002594407881,1.85233289783064,0.247925807780121,0.826048488990637,-0.0203471343556885,7.64527630497469
"5",7165.23173077323,0.000116260806967295,153.422634432209,5.87821829591412,0.0731441995885689,0.676200863701524,-0.395951645390596,5.74124794569798
"6",6057.33045227913,1.64219541739702e-05,282.515971419052,8.78058131241414,0.32387329658377,0.982935453357641,0.488408446108224,4.2359844839666
"7",8631.42946462409,6.08848195686849e-05,198.592965267308,0.349690316707711,0.919487807812402,0.38101213608752,0.294979453639826,2.85225222527515
"8",2561.06226734235,7.59597662086657e-05,10.3201210775296,8.58064766269817,0.527574780397117,0.0530739631794859,0.172824809007579,9.30992155801505
